FCLTY_KND,TRGET_FCLTY_NM,RDNMADR,LNMADR,LATITUDE,LONGITUDE,CCTV_YN,CCTV_NUMBER,REFERENCEDATE
초등학교,대전복수초등학교,대전광역시 서구 복수중로34번길 29,,36.3076115000,127.3776520000,Y,3,2022-12-10
초등학교,외삼초등학교,대전 유성구 반석동로 63,,36.3926265000,127.3114377000,Y,1,2022-12-10
초등학교,대전송강초교,대전 유성구 송강로42번길 6,,36.4325440509,127.3842283480,Y,7,2022-12-10
초등학교,새일초교,대전 대덕구 덕암로125번길 15,,36.4317677334,127.4209953380,Y,6,2022-12-10
초등학교,금성초교,대전 유성구 신성로72번길 5,,36.3873289480,127.3508489860,Y,7,2022-12-10
어린이집,LG화학기술연구원어린이집,대전 유성구 가정로 299,,36.3864032507,127.3767160630,Y,1,2022-12-10
초등학교,송림초교,대전 유성구 노은로410번길 123-14,,36.3880590894,127.3327599640,Y,4,2022-12-10
유치원,"산새소리유치원,금샘어린이집",대전 서구 갈마로183번길 41,,36.3384771674,127.3801756540,Y,5,2022-12-10
초등학교,"대전용전초교,재롱이유치원",대전 동구 계족로505번길 49,,36.3555435983,127.4286666770,Y,9,2022-12-10
초등학교,원신흥초교,대전 유성구 원신흥로55번길 37,,36.3401562489,127.3425458060,Y,2,2022-12-10
초등학교,가양초교,대전 동구 가양로 61,,36.3420904856,127.4419844650,Y,6,2022-12-10
초등학교,대전현암초교,대전 동구 현암로 19,,36.3424532356,127.4187653000,Y,6,2022-12-10
초등학교,장대초교,대전 유성구 문화원로19번길 16,,36.3609103670,127.3391603170,Y,4,2022-12-10
유치원,정원유치원,대전 유성구 덕명동로16번길 77,,36.3578519313,127.3131234470,Y,1,2022-12-10
초등학교,대전대화초교,대전 대덕구 대화로 242-36,,36.3638586785,127.4105797190,Y,6,2022-12-10
초등학교,대전문정초교,대전 서구 문정로 180,,36.3512745229,127.3942780360,Y,5,2022-12-10
초등학교,봉암초교,대전 유성구 궁동로 21,,36.3628487361,127.3485504340,Y,5,2022-12-10
초등학교,학하초교,대전 유성구 진잠옛로 165,,36.3351445865,127.3128885510,Y,2,2022-12-10
초등학교,유성초교,대전 유성구 장대로71번길 12,,36.3589576561,127.3334077790,Y,6,2022-12-10
초등학교,"노은초교,은정유치원",대전 유성구 노은동로99번길 35,,36.3684620254,127.3212115440,Y,5,2022-12-10
유치원,하이켐유치원,대전 서구 계룡로325번길 16,,36.3547230227,127.3654396200,Y,5,2022-12-10
유치원,한울유치원,대전 유성구 가정로 43,,36.3867440563,127.3475470520,N,0,2022-12-10
초등학교,대전대양초교,대전 대덕구 송촌로 67,,36.3607146410,127.4401562500,Y,7,2022-12-10
유치원,성모유치원,대전 동구 동서대로1692번길 64,,36.3462482234,127.4387946450,Y,5,2022-12-10
어린이집,"깨비나라어린이집,별나라어린이집,시립어린이집",대전 서구 신갈마로195번길 51,,36.3510781601,127.3662513390,Y,8,2022-12-10
유치원,"폴스유치원,송촌유치원,대전매봉초교,피노키오유치원,",대전 대덕구 선비마을로 155,,36.3682395397,127.4351619510,Y,16,2022-12-10
유치원,"노은유치원,수정초교,수정초교병설유치원",대전 유성구 노은서로 62,,36.3668924237,127.3149253850,Y,5,2022-12-10
초등학교,덕송초교,대전 유성구 현충원로 265,,36.3585965307,127.3015070460,Y,7,2022-12-10
초등학교,대전백운초교,대전 서구 계룡로576번길 56,,36.3399165594,127.3860174360,Y,4,2022-12-10
초등학교,갑천초교,대전 서구 월평동로 61,,36.3598429024,127.3675720070,Y,3,2022-12-10
초등학교,대전상원초교,대전 유성구 상대서로 46,,36.3429793552,127.3335210710,Y,2,2022-12-10
초등학교,대전탄방초교,대전 서구 탄방로 15,,36.3455131238,127.3901597630,Y,6,2022-12-10
유치원,아이미래유치원,대전 서구 계룡로394번길 9,,36.3504753991,127.3710385300,Y,2,2022-12-10
초등학교,흥룡초교,대전 동구 동대전로256번길 21,,36.3443830668,127.4492718860,Y,6,2022-12-10
유치원,평화유치원,대전 서구 월평중로13번길 53,,36.3553060279,127.3600711310,Y,2,2022-12-10
초등학교,대전화정초교,대전 대덕구 한밭대로1024번길 20,,36.3554457440,127.4124281860,Y,9,2022-12-10
어린이집,사이언스어린이집,대전 유성구 과학로 200,,36.3817545414,127.3555108970,Y,1,2022-12-10
초등학교,"신탄진초교,대전이문고교",대전 대덕구 석봉로3번길 50,,36.4481911678,127.4229387170,Y,8,2022-12-10
유치원,"우송유치원,늘사랑어린이집",대전 동구 동대전로 171,,36.3394000100,127.4456735660,Y,2,2022-12-10
유치원,침신유치원,대전 유성구 북유성대로 190,,36.3838248785,127.3229021950,Y,1,2022-12-10
어린이집,메리힐어린이집,대전 유성구 대덕대로925번길 26-9,,36.4124663680,127.3767313690,Y,1,2022-12-10
초등학교,"대전석봉초교,신탄진어린이집",대전 대덕구 신탄진남로 20,,36.4480675496,127.4335952970,Y,12,2022-12-10
초등학교,"대전둔산초교,은하수유치원",대전 서구 둔산로74번길 20,,36.3494393411,127.3811922610,Y,7,2022-12-10
유치원,슈필렌유치원,대전 유성구 반석서로71번길 3,,36.3939693408,127.3080672620,Y,2,2022-12-10
유치원,슈비쯔유치원,대전 유성구 반석로 140,,36.3893545677,127.2992904750,Y,1,2022-12-10
초등학교,대덕초교,대전 유성구 대덕대로556번길 102,,36.3845070455,127.3797413690,Y,2,2022-12-10
초등학교,대전둔원초교,대전 서구 대덕대로112번길 10,,36.3420180961,127.3760940380,Y,5,2022-12-10
초등학교,대전하기초교,대전 유성구 송림로19번길 32,,36.3875661298,127.3226477990,Y,4,2022-12-10
초등학교,대전지족초교,대전 유성구 노은서로 238,,36.3808275966,127.3167182260,Y,5,2022-12-10
초등학교,대전새미래초교,대전 유성구 지족로 168,,36.3796694186,127.3023186720,Y,1,2022-12-10
초등학교,대전지족초교,대전 유성구 노은서로 238,,36.3807787949,127.3183666990,N,0,2022-12-10
유치원,새싹나라유치원,대전 유성구 은구비로155번길 14,,36.3799848244,127.3250068490,Y,2,2022-12-10
유치원,브니엘쉐마유치원,대전 유성구 외삼로42번길 17,,36.3975824070,127.3160031760,N,0,2022-12-10
어린이집,정원어린이집,대전 유성구 박산로 91,,36.3533969705,127.3204920570,Y,1,2022-12-10
특수학교,대전성세재활학교(사회복지법인성재원),대전 유성구 유성대로298번길 175,,36.3221262255,127.3192339070,Y,1,2022-12-10
유치원,"벧엘유치원,예그리나어린이집,킨더그림어린이집,원광",대전 유성구 월드컵대로253번안길 21,,36.3490693644,127.3300431660,Y,6,2022-12-10
유치원,맑은해유치원,대전 서구 신갈마로 102,,36.3419977334,127.3698356570,Y,1,2022-12-10
어린이집,그린어린이집,대전 서구 갈마중로8번길 23,,36.3462597217,127.3704296190,Y,2,2022-12-10
유치원,"한나유치원,한나영재어린이집",대전 대덕구 덕암로159번길 30,,36.4352828488,127.4204574520,Y,2,2022-12-10
초등학교,흥도초교,대전 유성구 원신흥남로 20,,36.3347241200,127.3401160020,Y,3,2022-12-10
유치원,ibs꿈내리유치원,대전 서구 원도안로242번길 24,,36.3246340144,127.3462052030,N,0,2022-12-10
어린이집,한빛어린이집,대전 유성구 현충원로 479,,36.3594397009,127.3223537060,Y,1,2022-12-10
유치원,아이캔킨더유치원,대전 유성구 노은서로142번길 24,,36.3725172712,127.3159291880,Y,2,2022-12-10
유치원,전원유치원,대전 유성구 현충원로480번길 20,,36.3589001811,127.3237538290,Y,1,2022-12-10
초등학교,월평초교,대전 서구 월평서로 22,,36.3550536153,127.3575989670,Y,2,2022-12-10
초등학교,어은초교,대전 유성구 농대로 46,,36.3640207288,127.3529137590,Y,2,2022-12-10
기타,신탄중앙중교,대전 대덕구 덕암로233번길 24,,36.4419511262,127.4239095410,Y,2,2022-12-10
어린이집,근로복지공단대전어린이집,대전 동구 백룡로5번길 143,,36.3421869206,127.4510242260,Y,1,2022-12-10
초등학교,대전상지초교,대전 유성구 노은동로 165,,36.3759713089,127.3216240620,Y,2,2022-12-10
초등학교,대전계산초교,대전 유성구 학하서로 74,,36.3432735519,127.2989874670,Y,1,2022-12-10
어린이집,꾸러기어린이집,대전 서구 갈마로117번길 52,,36.3440577653,127.3712231240,Y,3,2022-12-10
유치원,마키루키꿈샘유치원,대전 유성구 봉명로 48,,36.3418713369,127.3436596980,Y,2,2022-12-10
어린이집,"이지어린이집,하브루타kids어린이집",대전 대덕구 덕암로148번안길 82,,36.4357808149,127.4243921640,Y,4,2022-12-10
유치원,해나라유치원,대전 대덕구 덕암로195번길 37,,36.4382911695,127.4212288450,Y,3,2022-12-10
초등학교,대전봉산초교,대전 서구 신갈마로141번길 45,,36.3448807922,127.3660572940,Y,5,2022-12-10
어린이집,목련어린이집,대전 서구 신갈마로 58-22,,36.3395230356,127.3675029180,Y,1,2022-12-10
초등학교,대전상대초교,대전 유성구 월드컵대로 322,,36.3467589109,127.3355938500,Y,2,2022-12-10
초등학교,대전봉명초교,대전 유성구 계룡로132번길 62,,36.3495836452,127.3442430900,Y,1,2022-12-10
어린이집,꿈엔들어린이집,대전 대덕구 아리랑로113번길 53,,36.3753473027,127.4200996010,Y,5,2022-12-10
유치원,장미유치원,대전 대덕구 아리랑로197번길 48,,36.3757792723,127.4263820810,Y,2,2022-12-10
어린이집,좋은생각어린이집,대전 대덕구 신탄진로218번길 73,,36.4026569378,127.4238838190,Y,1,2022-12-10
초등학교,문지초교,대전 유성구 전민로 41,,36.3964147695,127.4017765190,Y,3,2022-12-10
초등학교,와동초교,대전 대덕구 신탄진로 189,,36.3983709623,127.4220183640,Y,2,2022-12-10
어린이집,공립회덕하나푸르니어린이집,대전 대덕구 대전로 1376,,36.3757766993,127.4223492470,Y,4,2022-12-10
초등학교,대전용산초교,대전 유성구 배울2로 101,,36.4196699843,127.3936984840,N,0,2022-12-10
어린이집,한국타이어앤테크놀로지대전공장HKIDZ어린이집,대전 대덕구 대덕대로1514번길 11,,36.4480061891,127.4162309910,Y,2,2022-12-10
어린이집,하늘별어린이집,대전 대덕구 덕암북로96번길 18,,36.4431722303,127.4259615760,Y,2,2022-12-10
외국인학교,대전외국인학교,대전 유성구 용산2로 77,,36.4164770152,127.3974258920,Y,1,2022-12-10
초등학교,동명초교,대전 동구 천개동로 16,,36.3732693492,127.4741617420,Y,6,2022-12-10
어린이집,송강어린이집,대전 유성구 봉산로 33,,36.4356302366,127.3865243920,Y,4,2022-12-10
어린이집,하늘꿈어린이집,대전 대덕구 신탄진동로24번길 42,,36.4459494140,127.4324194840,Y,1,2022-12-10
어린이집,문평어린이집,대전 대덕구 문평동로18번길 26,,36.4462098440,127.4044594660,Y,2,2022-12-10
어린이집,리라어린이집,대전 대덕구 중리로63번길 36-10,,36.3658312273,127.4235112060,Y,1,2022-12-10
초등학교,구즉초교,대전 유성구 구룡달전로 34,,36.4400227296,127.3827316600,Y,1,2022-12-10
유치원,그린유치원,,대전광역시 유성구 송강동 199,36.4322996612,127.3814339200,N,0,2022-12-10
초등학교,대전두리초교,대전 유성구 와룡로 37,,36.4297567496,127.3821864790,Y,2,2022-12-10
학원,하늘새퀴즈스쿨,대전 유성구 금남구즉로 1359-29,,36.4474941104,127.3852715080,Y,1,2022-12-10
어린이집,코레일대전어린이집,대전 대덕구 벚꽃길 148,,36.4261203675,127.4256892920,Y,1,2022-12-10
초등학교,장동초교,대전 대덕구 장동로 223-37,,36.4133185980,127.4372991150,Y,3,2022-12-10
초등학교,대전동화초교,대전 유성구 관평2로 43,,36.4217116436,127.3875066940,Y,3,2022-12-10
초등학교,대전전민초교,대전 유성구 엑스포로466번길 42,,36.3978615369,127.4069302550,Y,2,2022-12-10
초등학교,대덕초교도룡분교장,대전 유성구 엑스포로97번길 100,,36.3791674901,127.3914807450,Y,1,2022-12-10
초등학교,회덕초교,대전 대덕구 대전로 1350,,36.3742689460,127.4202314520,Y,2,2022-12-10
초등학교,신탄진용정초교,대전 대덕구 대청로 65,,36.4531428552,127.4352663080,Y,7,2022-12-10
기타,원비래어린이공원,대전 대덕구 비래서로61번길 35,,36.3560681863,127.4523263150,Y,1,2022-12-10
어린이집,세라어린이집,,대전광역시 대덕구 비래동 148-5,36.3571658684,127.4546368930,Y,2,2022-12-10
어린이집,꿈나무어린이집,대전 대덕구 비래동로40번길 52,,36.3564440428,127.4532537130,Y,1,2022-12-10
어린이집,자연어린이집,대전 대덕구 동춘당로23번길 37 105동 104호,,36.3593903063,127.4449128590,Y,2,2022-12-10
어린이집,호서어린이집,대전 동구 계족로464번길 11,,36.3530942193,127.4331865260,Y,1,2022-12-10
초등학교,대전서원초교,대전 서구 문정로 279,,36.3590384162,127.3952586660,Y,3,2022-12-10
유치원,"혜원유치원,아이사랑어린이집",대전 대덕구 신상로 12,,36.3549387560,127.4558059700,Y,2,2022-12-10
초등학교,대전송촌초교,대전 대덕구 동춘당로54번길 35,,36.3643350504,127.4456818600,Y,3,2022-12-10
어린이집,"피피쿠스사랑어린이집,샬롬어린이집",대전 대덕구 동춘당로15번길 1,,36.3604695532,127.4462661800,Y,4,2022-12-10
어린이집,늘사랑어린이집,대전 대덕구 비래서로10번길 21,,36.3539731396,127.4450956540,Y,3,2022-12-10
어린이집,색채어린이집,대전 대덕구 비래서로25번길 53,,36.3553459128,127.4477706620,Y,5,2022-12-10
어린이집,"피카츄어린이집,메이킨더유치원",대전 대덕구 한밭대로1159번길 20,,36.3608621095,127.4265729070,Y,3,2022-12-10
어린이집,슬아어린이집,대전 대덕구 한밭대로1111번길 60,,36.3608700959,127.4220875280,Y,6,2022-12-10
초등학교,대전샘머리초교,대전 서구 유등로 879,,36.3622044434,127.3923963410,Y,2,2022-12-10
기타,우송어학센터,,대전광역시 동구 자양동 346,36.3388879764,127.4500709790,N,0,2022-12-10
초등학교,대전동산초교,대전 대덕구 동산초교로63번길 50,,36.3494341075,127.4210484270,Y,6,2022-12-10
유치원,"홍도유치원,홍도어린이집",대전 동구 홍도로39번길 37,,36.3473868203,127.4264900890,Y,2,2022-12-10
어린이집,새뜸어린이집,대전 대덕구 한남로137번길 29,,36.3467558111,127.4169368690,Y,2,2022-12-10
어린이집,대전어린이집,대전 동구 솔랑길 21,,36.3391439668,127.4341254360,Y,1,2022-12-10
유치원,대전보건대학부속유치원,대전 동구 충정로 21,,36.3484879261,127.4538374040,Y,1,2022-12-10
유치원,"예림유치원,둔산큰별어린이집",대전 서구 도솔로 454,,36.3439675473,127.3933757840,Y,3,2022-12-10
어린이집,사과나무어린이집,대전 서구 괴정로149번길 47,,36.3391514539,127.3880025970,Y,2,2022-12-10
초등학교,대전목양초교,대전 중구 목동로 69,,36.3371919728,127.4051118660,Y,5,2022-12-10
어린이집,꿈동산어린이집,대전 동구 성동로 49-5,,36.3398682020,127.4519649740,Y,3,2022-12-10
기타,오정어린이공원,대전 대덕구 한남로149번길 28,,36.3451993062,127.4149977450,N,0,2022-12-10
어린이집,재능나라어린이집,대전 동구 옛신탄진로75번길 61,,36.3469012472,127.4188988420,Y,1,2022-12-10
어린이집,예솔어린이집,,대전 서구 탄방동 657,36.3446769662,127.3819367460,Y,1,2022-12-10
어린이집,"푸른별어린이집,해누리유치원",,대전 동구 홍도동 840,36.3488611823,127.4290924050,Y,2,2022-12-10
유치원,송산유치원,대전 동구 동산초교로 15-15,,36.3456791002,127.4275804980,Y,2,2022-12-10
초등학교,"성남초교,담쟁이어린이집,성남어린이집",대전 동구 성남로32번길 28-17,,36.3430247172,127.4306401720,Y,2,2022-12-10
초등학교,성남초교,대전 동구 성남로32번길 5,,36.3423520443,127.4284180300,Y,1,2022-12-10
초등학교,대전삼천초교,대전 서구 둔산북로 232-33,,36.3557793285,127.4001948800,Y,4,2022-12-10
초등학교,세천초교,대전 동구 옥천로 610-12,,36.3413295288,127.4922671190,Y,2,2022-12-10
어린이집,베베엔젤어린이집,대전 유성구 진잠로42번길 88 진잠타운아파트 203동 1,,36.2960479766,127.3197899120,Y,3,2022-12-10
초등학교,산흥초교,대전광역시 동구 산내로 509,,36.2279256323,127.4492739500,Y,2,2022-12-10
초등학교,기성초교길헌분교장,대전광역시 서구 당고개길 48,,36.2408313340,127.3161034560,Y,1,2022-12-10
초등학교,대전대동초교,대전광역시 동구 대동초등3길 21,,36.3243840773,127.4459200480,Y,6,2022-12-10
초등학교,동광초교,대전광역시 동구 백룡로11번길 20,,36.3354827180,127.4493517870,Y,5,2022-12-10
어린이집,예뻐뽀어린이집,,대전 서구 복수동 904,36.2964146591,127.3795141820,Y,2,2022-12-10
초등학교,대전선암초교,,대전 서구 관저동 1152,36.2962938213,127.3350069750,Y,2,2022-12-10
초등학교,대전관저초교,대전광역시 서구 관저동로 161,,36.3046354539,127.3401767520,Y,3,2022-12-10
유치원,천사유치원,,대전 동구 판암동 477-8,36.3160645193,127.4564026840,Y,2,2022-12-10
초등학교,대전정림초교,대전광역시 서구 정림로 32,,36.3022375778,127.3662655700,Y,15,2022-12-10
초등학교,대전오류초교,,대전 중구 오류동 175-2,36.3233209230,127.4049892230,Y,2,2022-12-10
초등학교,대전석교초교,,대전 중구 석교동 70-13,36.3078554311,127.4455457310,Y,3,2022-12-10
어린이집,영리더어린이집,대전광역시 유성구 원내로39번길 48,,36.3013297475,127.3198836660,Y,3,2022-12-10
초등학교,대전느리울초교,대전광역시 서구 관저로 196,,36.2975935425,127.3441921530,Y,4,2022-12-10
초등학교,진잠초교,대전광역시 유성구 진잠로59번길 53,,36.2984778794,127.3161519510,Y,4,2022-12-10
유치원,피피쿠스유치원,대전광역시 서구 도솔로 173,,36.3266325359,127.3738971530,Y,2,2022-12-10
초등학교,대전유천초교,대전광역시 서구 제비네6길 69,,36.3155916451,127.3744410630,Y,2,2022-12-10
초등학교,대전보운초교,대전광역시 중구 대종로315번길 42,,36.3134382336,127.4317340640,Y,6,2022-12-10
기타,가톨릭문화회관아트홀,대전광역시 중구 대종로 471,,36.3264453611,127.4272009090,Y,3,2022-12-10
어린이집,아이솔어린이집,대전광역시 서구 도산로213번길 32,,36.3280605649,127.3777315830,Y,2,2022-12-10
유치원,봉곡유치원,대전광역시 동구 동부로33번길 25,,36.3201926250,127.4556459580,Y,1,2022-12-10
초등학교,서대전초교,대전광역시 중구 선화로 17,,36.3253383355,127.4112468150,Y,5,2022-12-10
초등학교,대전목동초교,대전광역시 중구 목중로19번길 70,,36.3343024474,127.4101991410,Y,9,2022-12-10
초등학교,대전유평초교,대전광역시 중구 수침로 123,,36.3272724403,127.3983148700,Y,7,2022-12-10
초등학교,대전신계초교,,대전 서구 복수동 452,36.2977682577,127.3792241810,Y,4,2022-12-10
어린이집,삼성어린이집,대전광역시 서구 용화5길 63,,36.3217539289,127.3758910010,Y,2,2022-12-10
초등학교,대전내동초교,대전광역시 서구 동서대로1063번길 13,,36.3301959345,127.3785189600,Y,5,2022-12-10
어린이집,다예린어린이집,대전 서구 도솔로 257-2,,36.3342809505,127.3800079900,Y,1,2022-12-10
유치원,명화유치원,대전광역시 서구 조달청길 180,,36.3192378816,127.3811193870,Y,1,2022-12-10
기타,신세대유아학교,대전광역시 유성구 교촌로6번길 45-14,,36.3014949821,127.3145822710,Y,2,2022-12-10
유치원,예일유치원,대전광역시 유성구 진잠로139번길 31,,36.3045423712,127.3170378060,Y,1,2022-12-10
초등학교,대전금동초교,,대전 서구 관저동 1141,36.2974713101,127.3259311720,Y,6,2022-12-10
초등학교,남선초교,대전광역시 유성구 계백로93번길 277-29,,36.2865018223,127.2663126560,Y,1,2022-12-10
초등학교,대전삼육초교,대전광역시 서구 도림1길 15,,36.3111857823,127.3730976570,Y,3,2022-12-10
초등학교,대전도마초교,대전광역시 서구 배재로172번길 23,,36.3246525920,127.3703351320,N,0,2022-12-10
초등학교,대전수미초교,,대전 서구 괴곡동 361-2,36.2961147796,127.3614250060,Y,5,2022-12-10
유치원,천사유치원,,대전 동구 판암동 477-8,36.3160003071,127.4554690810,Y,2,2022-12-10
초등학교,대전수미초교,,대전 서구 괴곡동 361-2,36.2974447391,127.3636671030,Y,5,2022-12-10
어린이집,(비젤어린이집)한마음어린이집,대전광역시 서구 가수원로65번길 44,,36.2986812858,127.3519681340,Y,3,2022-12-10
초등학교,대전도마초교,대전광역시 서구 배재로172번길 23,,36.3236950603,127.3729399750,N,0,2022-12-10
유치원,느리울유치원,대전 서구 구봉로147번길 64,,36.2989890533,127.3387692510,Y,2,2022-12-10
초등학교,서부초교,대전광역시 서구 배재로 263,,36.3322737700,127.3709038660,Y,1,2022-12-10
초등학교,대전대정초교,대전광역시 유성구 대정로28번길 55,,36.3145223436,127.3220522270,Y,3,2022-12-10
초등학교,대전도마초교,대전광역시 서구 배재로172번길 23,,36.3250358302,127.3729376210,Y,3,2022-12-10
어린이집,숲어린이집,대전광역시 서구 계백로776번길 115,,36.2859240926,127.3216337550,Y,1,2022-12-10
어린이집,은아영재어린이집,대전광역시 서구 정림로77번길 51,,36.3060397049,127.3638478600,Y,2,2022-12-10
초등학교,대전원양초교,대전광역시 서구 관저북로 97,,36.3094209639,127.3370571080,Y,2,2022-12-10
초등학교,가수원초교,대전광역시 서구 벌곡로 1359,,36.3020797366,127.3539370820,Y,5,2022-12-10
어린이집,엘리트어린이집 상세보기,대전 서구 복수북로 42,,36.3063278997,127.3733868810,Y,2,2022-12-10
유치원,성균관숲유치원,대전 서구 정림서로1번길 79,,36.2896894611,127.3632517650,Y,2,2022-12-10
유치원,BK꿈사랑유치원,대전 유성구 유성대로155번길 46-2,,36.3109610988,127.3152085070,Y,1,2022-12-10
유치원,바다의별유치원,대전광역시 중구 보문산로 31,,36.3054756608,127.3849321910,Y,2,2022-12-10
어린이집,"통큰어린이집,해밀어린이집",대전 중구 산성로 11-1,,36.3061267865,127.3910974000,Y,5,2022-12-10
초등학교,"대전보성초교,대전대문초교",대전광역시 중구 보문산로141번길 34,,36.3067201164,127.3990726460,Y,10,2022-12-10
어린이집,꼬망세키즈어린이집,대전 동구 대전로 450,,36.3058850520,127.4522584900,Y,1,2022-12-10
어린이집,사랑어린이집,,대전광역시 동구 판암동 536-4,36.3243315375,127.4507758770,Y,1,2022-12-10
어린이집,토토어린이집,,대전광역시 동구 대별동 373-6,36.2853759442,127.4584240980,Y,1,2022-12-10
유치원,즐거운유치원,대전광역시 중구 학고개로34번길 31,,36.2968573431,127.4525826400,Y,2,2022-12-10
유치원,아이들세상유치원,대전광역시 동구 산내로 1396-34,,36.2874846074,127.4655323190,Y,1,2022-12-10
초등학교,산성초교,대전광역시 중구 대둔산로 332,,36.2958482052,127.3833352170,Y,9,2022-12-10
유치원,바다의별유치원,대전광역시 중구 보문산로 31,,36.3055659029,127.3869851920,Y,2,2022-12-10
유치원,하나빛캐슬유치원,대전광역시 중구 대둔산로323번길 51,,36.2965561827,127.3834403220,Y,1,2022-12-10
초등학교,자양초교,대전광역시 동구 계족로 184-55,,36.3321168319,127.4446266940,Y,3,2022-12-10
어린이집,색동어린이집,대전광역시 중구 유등천동로198번길 13,,36.3021524451,127.3836358880,Y,2,2022-12-10
초등학교,산성초교,대전광역시 중구 대둔산로 332,,36.2976305656,127.3847283180,Y,9,2022-12-10
어린이집,숲속예능어린이집,대전광역시 동구 학고개로 66-10,,36.2931727318,127.4523276250,Y,1,2022-12-10
기타,대전은어송중교,,대전 동구 대성동 134,36.2987687902,127.4607329040,N,0,2022-12-10
유치원,상아유치원,대전광역시 동구 대전로304번길 37,,36.2963455562,127.4624994990,N,0,2022-12-10
초등학교,산서초교,대전광역시 중구 남달미로 87,,36.2670036267,127.4078242370,Y,1,2022-12-10
어린이집,"통큰어린이집,해밀어린이집",대전 중구 산성로 11-1,,36.3057922758,127.3914873980,Y,5,2022-12-10
초등학교,대전옥계초교,대전광역시 중구 모암로 35,,36.3002814980,127.4473444000,Y,5,2022-12-10
초등학교,대전은어송초교,,대전 동구 대성동 129,36.3025197156,127.4557077700,Y,3,2022-12-10
어린이집,태평양어린이집,대전광역시 중구 동서대로1186번길 7,,36.3261601198,127.3915717660,Y,1,2022-12-10
초등학교,산내초교,대전광역시 동구 산내로 1292,,36.2796054308,127.4684782460,Y,3,2022-12-10
어린이집,캔키즈어린이집,대전광역시 중구 목중로20번길 12,,36.3366455299,127.4126040160,Y,2,2022-12-10
어린이집,하늘어린이집,,대전 서구 가장동 39-15,36.3301293534,127.3843572830,Y,2,2022-12-10
유치원,동심유치원,대전광역시 동구 새울로109번길 26-24,,36.3291454099,127.4609887470,Y,3,2022-12-10
초등학교,대룡초교,대전 동구 백룡로 123,,36.3309457616,127.4554613610,Y,3,2022-12-10
어린이집,숲향기어린이집,대전광역시 동구 용운로 124-14,,36.3277548006,127.4541562470,Y,2,2022-12-10
기타,용수골어린이공원,,대전광역시 동구 용운동 758,36.3357478275,127.4566083910,Y,1,2022-12-10
유치원,꿈나무유치원,대전 동구 옻밭2길 77,,36.3202437223,127.4504404630,Y,1,2022-12-10
초등학교,대전가장초교,대전광역시 서구 가장로 150,,36.3303388330,127.3873133670,Y,6,2022-12-10
초등학교,삼성초교,대전광역시 동구 대전로867번길 12,,36.3364558157,127.4297075200,Y,4,2022-12-10
어린이집,우FL어린이집,대전 서구 괴정로 94-8,,36.3386790683,127.3841452890,Y,1,2022-12-10
어린이집,해누리어린이집,대전 서구 도산로321번길 18,,36.3350522311,127.3863116520,Y,2,2022-12-10
어린이집,새싹어린이집,대전 서구 용문로 113,,36.3348753137,127.3930715430,Y,2,2022-12-10
어린이집,자연어린이집,대전광역시 중구 수침로 72-36,,36.3257782534,127.4014781050,Y,1,2022-12-10
어린이집,햇살어린이집,대전광역시 동구 새울로 147-17,,36.3313980344,127.4639750880,Y,1,2022-12-10
유치원,삼문사금강유치원,대전광역시 중구 보문로115번길 29,,36.3119691287,127.4282684490,N,0,2022-12-10
특수학교,대전화교소학,대전광역시 중구 보문로115번길 16,,36.3130245966,127.4274325520,N,0,2022-12-10
어린이집,리틀킹어린이집,대전광역시 중구 봉소루로36번길 27,,36.3074059428,127.4403831840,Y,2,2022-12-10
어린이집,지니키즈어린이집,대전광역시 중구 계백로1618번길 65,,36.3147928240,127.4012774040,Y,2,2022-12-10
유치원,꿈나무유치원,대전 동구 옻밭2길 77,,36.3211623858,127.4504397170,Y,1,2022-12-10
어린이집,유천딩동댕어린이집,,대전광역시 중구 유천동 462,36.3198240893,127.3977897160,Y,2,2022-12-10
유치원,하람유치원,대전광역시 동구 삼정로 46,,36.3174081568,127.4680855930,Y,1,2022-12-10
초등학교,대전버드내초교,,대전 중구 태평동 422-32,36.3180827025,127.3918695210,Y,3,2022-12-10
초등학교,대전태평초교,대전광역시 중구 유천로 117,,36.3224711117,127.3973909600,Y,2,2022-12-10
초등학교,대전원평초교,대전광역시 중구 계백로1615번길 46,,36.3194385468,127.3993387040,Y,2,2022-12-10
어린이집,"슬기둥어린이집,소망어린이집",대전 중구 계백로1571번길 38-18,,36.3200266279,127.3958951540,Y,4,2022-12-10
어린이집,비타민어린이집,대전광역시 중구 계백로1584번길 101,,36.3134992344,127.3980384490,Y,1,2022-12-10
초등학교,대전동문초교,대전광역시 중구 문화로 200,,36.3151956064,127.4069366700,Y,2,2022-12-10
초등학교,대전문성초교,대전광역시 중구 유등천동로292번길 89-14,,36.3078039999,127.3904351870,Y,5,2022-12-10
초등학교,"대전문화초교,대전문성초교,꿈내리유치원",대전광역시 중구 문화로78번안길 70,,36.3100912921,127.3965512440,Y,11,2022-12-10
초등학교,대전글꽃초교,대전광역시 중구 계룡로918번길 97,,36.3192311734,127.4110582130,Y,4,2022-12-10
초등학교,대전대신초교,대전광역시 중구 솔밭로16번길 17,,36.3162665685,127.4180777560,Y,4,2022-12-10
초등학교,대흥초교,대전광역시 중구 수도산로 12,,36.3203706990,127.4264047870,Y,2,2022-12-10
초등학교,대전문창초교,대전광역시 중구 문창로 55,,36.3170292037,127.4344049130,Y,3,2022-12-10
초등학교,대전천동초교,대전광역시 동구 천동초등동길 60,,36.3164981771,127.4442478700,Y,3,2022-12-10
어린이집,해피아이어린이집,,대전광역시 중구 석교동 62-43,36.3107206647,127.4384823450,Y,2,2022-12-10
어린이집,(하늘어린이집)도원어린이집,대전광역시 동구 신기로 65,,36.3095368043,127.4528275630,Y,1,2022-12-10
특수학교,"대전맹학교,단비어린이집",대전광역시 동구 은어송로 95,,36.3079730548,127.4582895580,Y,1,2022-12-10
초등학교,대전가오초교,대전광역시 동구 신기로 112,,36.3108385890,127.4574871390,Y,3,2022-12-10
초등학교,대전판암초교,대전 동구 옥천로180번길 32,,36.3154646420,127.4617325020,Y,4,2022-12-10
초등학교,"대전대암초교,초롱어린이집",대전광역시 동구 동부로 55-61,,36.3213333361,127.4590788230,Y,3,2022-12-10
유치원,동화나라유치원,대전광역시 중구 산성로138번길 65-18,,36.3099419879,127.4055379430,Y,2,2022-12-10
어린이집,대전성모어린이집,,대전광역시 중구 대흥동 520-1,36.3239734815,127.4197534030,Y,2,2022-12-10
기타,충남대학교병원,,대전광역시 중구 대사동 658,36.3178637240,127.4145513650,Y,1,2022-12-10
초등학교,대전신평초교,대전광역시 중구 평촌로 19,,36.3218566531,127.3903912400,Y,4,2022-12-10
초등학교,대전신흥초교,대전광역시 동구 동대전로46번길 76,,36.3245486244,127.4407747360,Y,2,2022-12-10
초등학교,기성초교,대전광역시 서구 기성초교길 42,,36.2508766673,127.3390546430,Y,1,2022-12-10
